,tweets,hashtags,mentions
0,Check out what I'm selling: Apple AirPods Pro 2nd Generation with Charging Case in White: #mercariâ€¦ https://t.co/VnCsz8xdWp,mercari,mercari
1,"RT @TECKNET5: #Giveaway Hello March!
ğŸBluetooth earphones
To enter, simply #Follow &amp; #RT &amp; #Tag a friend .
ğŸŒ¸Good luck!ğŸŒ¸
End Day: 08/03/2023â€¦","Giveaway,Follow,RT,Tag","Giveaway,Follow,RT,Tag"
2,@KbNueve87 @iphone15pro Jâ€™en peux plus de ce club on a pas le droit au bonheur ptn,,
3,@mangeTaSoeeur @iphone15pro La mm ptdr,,
4,Pitie sors vite @iphone15pro je veux tâ€™acheter pour me remonter le moral,,
5,RT @Apple_Geek_Actu: ğŸ”´Les #iPhone15Pro donneraient envie de changer d'iPhone actuel en raison des amÃ©liorations significatives de la puce Aâ€¦,iPhone15Pro,iPhone15Pro
6,"RT @TECKNET5: #Giveaway Hello March!
ğŸBluetooth earphones
To enter, simply #Follow &amp; #RT &amp; #Tag a friend .
ğŸŒ¸Good luck!ğŸŒ¸
End Day: 08/03/2023â€¦","Giveaway,Follow,RT,Tag","Giveaway,Follow,RT,Tag"
7,"RT @TECKNET5: #Giveaway Hello March!
ğŸBluetooth earphones
To enter, simply #Follow &amp; #RT &amp; #Tag a friend .
ğŸŒ¸Good luck!ğŸŒ¸
End Day: 08/03/2023â€¦","Giveaway,Follow,RT,Tag","Giveaway,Follow,RT,Tag"
8,"RT @rivervisual_id: Can you spot the different?
@ianzelbo
 
@9to5mac
Right iPhone 15, Left iPhone 14.
#iphone15 #iphone15pro #appleleaks #iâ€¦","iphone15,iphone15pro,appleleaks,i","iphone15,iphone15pro,appleleaks,i"
9,"RT @TechScoreNY: How's dis' for a design ?? ğŸ‘ğŸ‘
#iphone15pro #appleiphone #concept https://t.co/XHExNz7jau","iphone15pro,appleiphone,concept","iphone15pro,appleiphone,concept"
10,"#iPhone15Pro #æ„Ÿåœ§å¼ãƒœã‚¿ãƒ³ #Apple
iPhone15 Proã®æ„Ÿåœ§å¼ãƒœã‚¿ãƒ³ã¯ã‚±ãƒ¼ã‚¹è¶Šã—ã§ã‚‚å‹•ä½œã™ã‚‹ï¼ã€œæ–°æ¬¡å…ƒã®ç–‘ä¼¼ã‚¹ã‚¤ãƒƒãƒã‹ã‚‚ã€œ - ã‚«ã‚¹ã‚¿ãƒ /CUSTOM/ã§ã„ã“ã†ğŸ˜
https://t.co/AIVvWnrnny","iPhone15Pro,æ„Ÿåœ§å¼ãƒœã‚¿ãƒ³,Apple","iPhone15Pro,æ„Ÿåœ§å¼ãƒœã‚¿ãƒ³,Apple"
11,"RT @TECKNET5: #Giveaway Hello March!
ğŸBluetooth earphones
To enter, simply #Follow &amp; #RT &amp; #Tag a friend .
ğŸŒ¸Good luck!ğŸŒ¸
End Day: 08/03/2023â€¦","Giveaway,Follow,RT,Tag","Giveaway,Follow,RT,Tag"
12,"This years iPhone 15 Pro models will also be coming in a new burgundy color option.
The standard iPhone 15 models wâ€¦ https://t.co/nQP12OC6l1",,
13,RT @ekonyan8: å¸°å®…ä¸­ã‚„ã¾ã´ã‹ã‚‰é€ã‚‰ã‚Œã¦ããŸç™’ã—ã€ã€â™¡ã¨ã„ã†ã‹ã‚ãŸã—ã®ã‚¹ãƒãƒ›ã ã¨ã“ã‚“ãªã«å¯æ„›ãæ’®ã‚Œãªã„ã‚“ã§ã™ã‘ã©ï¼ã¬ã„ãã‚‹ã¿ã§ã™ã‚„ã‚“ï¼ï¼ä»Šå¹´ã¯çµ¶å¯¾iPhone15Proã‚’è²·ã†ãã€€#ãƒãƒ ã‚¹ã‚¿ãƒ¼ https://t.co/TOApqph2C6,ãƒãƒ ã‚¹ã‚¿ãƒ¼,ãƒãƒ ã‚¹ã‚¿ãƒ¼
14,"RT @TECKNET5: #Giveaway Hello March!
ğŸBluetooth earphones
To enter, simply #Follow &amp; #RT &amp; #Tag a friend .
ğŸŒ¸Good luck!ğŸŒ¸
End Day: 08/03/2023â€¦","Giveaway,Follow,RT,Tag","Giveaway,Follow,RT,Tag"
15,"RT @TECKNET5: #Giveaway Hello March!
ğŸBluetooth earphones
To enter, simply #Follow &amp; #RT &amp; #Tag a friend .
ğŸŒ¸Good luck!ğŸŒ¸
End Day: 08/03/2023â€¦","Giveaway,Follow,RT,Tag","Giveaway,Follow,RT,Tag"
16,"RT @TECKNET5: #Giveaway Hello March!
ğŸBluetooth earphones
To enter, simply #Follow &amp; #RT &amp; #Tag a friend .
ğŸŒ¸Good luck!ğŸŒ¸
End Day: 08/03/2023â€¦","Giveaway,Follow,RT,Tag","Giveaway,Follow,RT,Tag"
17,"RT @TECKNET5: #Giveaway Hello March!
ğŸBluetooth earphones
To enter, simply #Follow &amp; #RT &amp; #Tag a friend .
ğŸŒ¸Good luck!ğŸŒ¸
End Day: 08/03/2023â€¦","Giveaway,Follow,RT,Tag","Giveaway,Follow,RT,Tag"
18,"RT @AlexReframe: ğŸ”¥IPHONE 15, 15 Plus, iPhone 15 Pro et 15 Pro Max : Du CHANGEMENT ! Point Rumeurs â€¦

Ici ğŸ”¥ğŸ‘‰ https://t.co/cVxf6VkhbY 

RT poâ€¦",,
19,RT @Laurent_X23: Pour une couleur â€¦ non juste pour le soutenirâ€¦. Merci Ã  vous de le soutenir aussi #Iphone #iphone15pro #Iphone15 #apple,"Iphone,iphone15pro,Iphone15,apple","Iphone,iphone15pro,Iphone15,apple"
20,"RT @TECKNET5: #Giveaway Hello March!
ğŸBluetooth earphones
To enter, simply #Follow &amp; #RT &amp; #Tag a friend .
ğŸŒ¸Good luck!ğŸŒ¸
End Day: 08/03/2023â€¦","Giveaway,Follow,RT,Tag","Giveaway,Follow,RT,Tag"
21,"RT @CeotechI: iPhone 15 Pro: A17 Bionic promette di aumentare la domanda
#3nm #A17Bionic #Apple #AppleiPhone #iPhone #iPhone15Pro #iPhone15â€¦","3nm,A17Bionic,Apple,AppleiPhone,iPhone,iPhone15Pro,iPhone15","3nm,A17Bionic,Apple,AppleiPhone,iPhone,iPhone15Pro,iPhone15"
22,"RT @TECKNET5: #Giveaway Hello March!
ğŸBluetooth earphones
To enter, simply #Follow &amp; #RT &amp; #Tag a friend .
ğŸŒ¸Good luck!ğŸŒ¸
End Day: 08/03/2023â€¦","Giveaway,Follow,RT,Tag","Giveaway,Follow,RT,Tag"
23,The upcoming chip in the iPhone 15 Pro is anticipated to encourage current iPhone users to upgradeâ€¦ https://t.co/jZyOuhQc32,,
24,Pour une couleur â€¦ non juste pour le soutenirâ€¦. Merci Ã  vous de le soutenir aussi #Iphone #iphone15pro #Iphone15â€¦ https://t.co/T7M6MMByEl,"Iphone,iphone15pro,Iphone15","Iphone,iphone15pro,Iphone15"
25,Podoba Wam siÄ™ taki design ğŸ¤” | ğŸ“· @TechScoreNY ğŸ‘‡ #iPhone15Pro #iPhone #Apple #design #concept #smartphone https://t.co/hksK6R919a,"iPhone15Pro,iPhone,Apple,design,concept,smartphone","iPhone15Pro,iPhone,Apple,design,concept,smartphone"
26,"ğŸ˜®Apple Ğ¿Ğ¾Ğ»Ğ½Ğ¾ÑÑ‚ÑŒÑ ÑĞ»Ğ¸Ğ»Ğ° iPhone 15ğŸ¤¯ĞŸÑ€ĞµĞ·ĞµĞ½Ñ‚Ğ°Ñ†Ğ¸Ñ Ğ¶Ğ´Ğ°Ñ‚ÑŒ Ğ½Ğµ Ğ½Ğ°Ğ´Ğ¾, Ğ²ĞµĞ´ÑŒ Ğ²Ğ¾Ñ‚ Ğ¾Ğ½Ğ°: https://t.co/ZlKE3DP0ed

Ğ­Ñ‚Ğ¾ Apple iPhoneâ€¦ https://t.co/sHYp2YGmBt",,
27,"How's dis' for a design ?? ğŸ‘ğŸ‘
#iphone15pro #appleiphone #concept https://t.co/XHExNz7jau","iphone15pro,appleiphone,concept","iphone15pro,appleiphone,concept"
28,"RT @CeotechI: iPhone 15 Pro: A17 Bionic promette di aumentare la domanda
#3nm #A17Bionic #Apple #AppleiPhone #iPhone #iPhone15Pro #iPhone15â€¦","3nm,A17Bionic,Apple,AppleiPhone,iPhone,iPhone15Pro,iPhone15","3nm,A17Bionic,Apple,AppleiPhone,iPhone,iPhone15Pro,iPhone15"
29,"RT @TECKNET5: #Giveaway Hello March!
ğŸBluetooth earphones
To enter, simply #Follow &amp; #RT &amp; #Tag a friend .
ğŸŒ¸Good luck!ğŸŒ¸
End Day: 08/03/2023â€¦","Giveaway,Follow,RT,Tag","Giveaway,Follow,RT,Tag"
30,"RT @TECKNET5: #Giveaway Hello March!
ğŸBluetooth earphones
To enter, simply #Follow &amp; #RT &amp; #Tag a friend .
ğŸŒ¸Good luck!ğŸŒ¸
End Day: 08/03/2023â€¦","Giveaway,Follow,RT,Tag","Giveaway,Follow,RT,Tag"
31,"RT @TECKNET5: #Giveaway Hello March!
ğŸBluetooth earphones
To enter, simply #Follow &amp; #RT &amp; #Tag a friend .
ğŸŒ¸Good luck!ğŸŒ¸
End Day: 08/03/2023â€¦","Giveaway,Follow,RT,Tag","Giveaway,Follow,RT,Tag"
32,"iPhone15 ULTRA ã‚¹ãƒšãƒƒã‚¯ äºˆæƒ³ äºˆç´„ ä¾¡æ ¼ ãƒ¬ãƒ“ãƒ¥ãƒ¼ ã‚«ãƒ¡ãƒ© æ©Ÿèƒ½ãªã©ã¯ï¼Ÿ 

ä»Šå¾ŒProMAXãŒULTRAã«å¤‰ã‚ã‚‹ã®ã‹ï¼Ÿ

#iPhone15
#iPhone15Pro
#Apple
#iPhone15ULTRAâ€¦ https://t.co/l2B6mBOf9a","iPhone15,iPhone15Pro,Apple,iPhone15ULTRA","iPhone15,iPhone15Pro,Apple,iPhone15ULTRA"
33,"RT @TECKNET5: #Giveaway Hello March!
ğŸBluetooth earphones
To enter, simply #Follow &amp; #RT &amp; #Tag a friend .
ğŸŒ¸Good luck!ğŸŒ¸
End Day: 08/03/2023â€¦","Giveaway,Follow,RT,Tag","Giveaway,Follow,RT,Tag"
34,"RT @SemBarista: #SEO Power Tips: Top Pro tips for the configuration of Robot.txt, robots meta tag or X-Robots-Tag to beef up site crawlingâ€¦",SEO,SEO
35,RT @ekonyan8: å¸°å®…ä¸­ã‚„ã¾ã´ã‹ã‚‰é€ã‚‰ã‚Œã¦ããŸç™’ã—ã€ã€â™¡ã¨ã„ã†ã‹ã‚ãŸã—ã®ã‚¹ãƒãƒ›ã ã¨ã“ã‚“ãªã«å¯æ„›ãæ’®ã‚Œãªã„ã‚“ã§ã™ã‘ã©ï¼ã¬ã„ãã‚‹ã¿ã§ã™ã‚„ã‚“ï¼ï¼ä»Šå¹´ã¯çµ¶å¯¾iPhone15Proã‚’è²·ã†ãã€€#ãƒãƒ ã‚¹ã‚¿ãƒ¼ https://t.co/TOApqph2C6,ãƒãƒ ã‚¹ã‚¿ãƒ¼,ãƒãƒ ã‚¹ã‚¿ãƒ¼
36,"RT @TECKNET5: #Giveaway Hello March!
ğŸBluetooth earphones
To enter, simply #Follow &amp; #RT &amp; #Tag a friend .
ğŸŒ¸Good luck!ğŸŒ¸
End Day: 08/03/2023â€¦","Giveaway,Follow,RT,Tag","Giveaway,Follow,RT,Tag"
37,"RT @AlexReframe: ğŸ”¥IPHONE 15, 15 Plus, iPhone 15 Pro et 15 Pro Max : Du CHANGEMENT ! Point Rumeurs â€¦

Ici ğŸ”¥ğŸ‘‰ https://t.co/cVxf6VkhbY 

RT poâ€¦",,
38,"RT @TECKNET5: #Giveaway Hello March!
ğŸBluetooth earphones
To enter, simply #Follow &amp; #RT &amp; #Tag a friend .
ğŸŒ¸Good luck!ğŸŒ¸
End Day: 08/03/2023â€¦","Giveaway,Follow,RT,Tag","Giveaway,Follow,RT,Tag"
39,"iPhone 15 Pro Max rendering images #exposed

 expected to arrive in September 2023 with curved titanium sides, an uâ€¦ https://t.co/Vs4T5GzvpA",exposed,exposed
40,"RT @TECKNET5: #Giveaway Hello March!
ğŸBluetooth earphones
To enter, simply #Follow &amp; #RT &amp; #Tag a friend .
ğŸŒ¸Good luck!ğŸŒ¸
End Day: 08/03/2023â€¦","Giveaway,Follow,RT,Tag","Giveaway,Follow,RT,Tag"
41,"RT @CeotechI: iPhone 15 Pro: A17 Bionic promette di aumentare la domanda
#3nm #A17Bionic #Apple #AppleiPhone #iPhone #iPhone15Pro #iPhone15â€¦","3nm,A17Bionic,Apple,AppleiPhone,iPhone,iPhone15Pro,iPhone15","3nm,A17Bionic,Apple,AppleiPhone,iPhone,iPhone15Pro,iPhone15"
42,"Si vous avez loupÃ© cette vidÃ©o ğŸ˜‰ 
#Iphone15 #iphone15pro #leaks https://t.co/HwqD7kMmH1","Iphone15,iphone15pro,leaks","Iphone15,iphone15pro,leaks"
43,"RT @AlexReframe: ğŸ”¥IPHONE 15, 15 Plus, iPhone 15 Pro et 15 Pro Max : Du CHANGEMENT ! Point Rumeurs â€¦

Ici ğŸ”¥ğŸ‘‰ https://t.co/cVxf6VkhbY 

RT poâ€¦",,
44,"ğŸ”¥IPHONE 15, 15 Plus, iPhone 15 Pro et 15 Pro Max : Du CHANGEMENT ! Point Rumeurs â€¦

Ici ğŸ”¥ğŸ‘‰ https://t.co/cVxf6VkhbYâ€¦ https://t.co/zmtoHeXKWg",,
45,Asal dost woi ha Jo Apni dono Kidney Bach k #iphone15pro Gift karay ga.... https://t.co/0syIVRrBmk,iphone15pro,iphone15pro
46,"iPhone 15 Pro: A17 Bionic promette di aumentare la domanda
#3nm #A17Bionic #Apple #AppleiPhone #iPhone #iPhone15Proâ€¦ https://t.co/jSeWA5rwI5","3nm,A17Bionic,Apple,AppleiPhone,iPhone,iPhone15Pro","3nm,A17Bionic,Apple,AppleiPhone,iPhone,iPhone15Pro"
47,RT @Apple_Geek_Actu: ğŸ”´Les #iPhone15Pro donneraient envie de changer d'iPhone actuel en raison des amÃ©liorations significatives de la puce Aâ€¦,iPhone15Pro,iPhone15Pro
48,RT @Apple_Geek_Actu: ğŸ”´Les #iPhone15Pro donneraient envie de changer d'iPhone actuel en raison des amÃ©liorations significatives de la puce Aâ€¦,iPhone15Pro,iPhone15Pro
49,"RT @TECKNET5: #Giveaway Hello March!
ğŸBluetooth earphones
To enter, simply #Follow &amp; #RT &amp; #Tag a friend .
ğŸŒ¸Good luck!ğŸŒ¸
End Day: 08/03/2023â€¦","Giveaway,Follow,RT,Tag","Giveaway,Follow,RT,Tag"
50,#iPhone15Pro zrewolucjonizuje rynek smartfonÃ³w? https://t.co/awSxqL048h,iPhone15Pro,iPhone15Pro
51,"RT @TECKNET5: #Giveaway Hello March!
ğŸBluetooth earphones
To enter, simply #Follow &amp; #RT &amp; #Tag a friend .
ğŸŒ¸Good luck!ğŸŒ¸
End Day: 08/03/2023â€¦","Giveaway,Follow,RT,Tag","Giveaway,Follow,RT,Tag"
52,RT @Apple_Geek_Actu: ğŸ”´Les #iPhone15Pro donneraient envie de changer d'iPhone actuel en raison des amÃ©liorations significatives de la puce Aâ€¦,iPhone15Pro,iPhone15Pro
53,RT @ekonyan8: å¸°å®…ä¸­ã‚„ã¾ã´ã‹ã‚‰é€ã‚‰ã‚Œã¦ããŸç™’ã—ã€ã€â™¡ã¨ã„ã†ã‹ã‚ãŸã—ã®ã‚¹ãƒãƒ›ã ã¨ã“ã‚“ãªã«å¯æ„›ãæ’®ã‚Œãªã„ã‚“ã§ã™ã‘ã©ï¼ã¬ã„ãã‚‹ã¿ã§ã™ã‚„ã‚“ï¼ï¼ä»Šå¹´ã¯çµ¶å¯¾iPhone15Proã‚’è²·ã†ãã€€#ãƒãƒ ã‚¹ã‚¿ãƒ¼ https://t.co/TOApqph2C6,ãƒãƒ ã‚¹ã‚¿ãƒ¼,ãƒãƒ ã‚¹ã‚¿ãƒ¼
54,å¸°å®…ä¸­ã‚„ã¾ã´ã‹ã‚‰é€ã‚‰ã‚Œã¦ããŸç™’ã—ã€ã€â™¡ã¨ã„ã†ã‹ã‚ãŸã—ã®ã‚¹ãƒãƒ›ã ã¨ã“ã‚“ãªã«å¯æ„›ãæ’®ã‚Œãªã„ã‚“ã§ã™ã‘ã©ï¼ã¬ã„ãã‚‹ã¿ã§ã™ã‚„ã‚“ï¼ï¼ä»Šå¹´ã¯çµ¶å¯¾iPhone15Proã‚’è²·ã†ãã€€#ãƒãƒ ã‚¹ã‚¿ãƒ¼ https://t.co/TOApqph2C6,ãƒãƒ ã‚¹ã‚¿ãƒ¼,ãƒãƒ ã‚¹ã‚¿ãƒ¼
55,@Apple Dont have the money but i know all about #iphone15pro,iphone15pro,iphone15pro
56,RT @Apple_Geek_Actu: ğŸ”´Les #iPhone15Pro donneraient envie de changer d'iPhone actuel en raison des amÃ©liorations significatives de la puce Aâ€¦,iPhone15Pro,iPhone15Pro
57,"RT @TECKNET5: #Giveaway Hello March!
ğŸBluetooth earphones
To enter, simply #Follow &amp; #RT &amp; #Tag a friend .
ğŸŒ¸Good luck!ğŸŒ¸
End Day: 08/03/2023â€¦","Giveaway,Follow,RT,Tag","Giveaway,Follow,RT,Tag"
58,RT @Apple_Geek_Actu: ğŸ”´Les #iPhone15Pro donneraient envie de changer d'iPhone actuel en raison des amÃ©liorations significatives de la puce Aâ€¦,iPhone15Pro,iPhone15Pro
59,"Nouvelle vidÃ©o Ã  18h00 sur ma chaÃ®ne ! 
#iphone15 #iphone15pro https://t.co/eqJmeTYrDn","iphone15,iphone15pro","iphone15,iphone15pro"
60,"RT @TECKNET5: #Giveaway Hello March!
ğŸBluetooth earphones
To enter, simply #Follow &amp; #RT &amp; #Tag a friend .
ğŸŒ¸Good luck!ğŸŒ¸
End Day: 08/03/2023â€¦","Giveaway,Follow,RT,Tag","Giveaway,Follow,RT,Tag"
61,"RT @TECKNET5: #Giveaway Hello March!
ğŸBluetooth earphones
To enter, simply #Follow &amp; #RT &amp; #Tag a friend .
ğŸŒ¸Good luck!ğŸŒ¸
End Day: 08/03/2023â€¦","Giveaway,Follow,RT,Tag","Giveaway,Follow,RT,Tag"
62,This years standard iPhone 15 models will be coming with new colour options including pink &amp; light blue. The iPhoneâ€¦ https://t.co/4d03D7Hp9F,,
63,RT @Apple_Geek_Actu: ğŸ”´Les #iPhone15Pro donneraient envie de changer d'iPhone actuel en raison des amÃ©liorations significatives de la puce Aâ€¦,iPhone15Pro,iPhone15Pro
64,RT @Apple_Geek_Actu: ğŸ”´Les #iPhone15Pro donneraient envie de changer d'iPhone actuel en raison des amÃ©liorations significatives de la puce Aâ€¦,iPhone15Pro,iPhone15Pro
65,RT @Apple_Geek_Actu: ğŸ”´Les #iPhone15Pro donneraient envie de changer d'iPhone actuel en raison des amÃ©liorations significatives de la puce Aâ€¦,iPhone15Pro,iPhone15Pro
66,RT @Apple_Geek_Actu: ğŸ”´Les #iPhone15Pro donneraient envie de changer d'iPhone actuel en raison des amÃ©liorations significatives de la puce Aâ€¦,iPhone15Pro,iPhone15Pro
67,"RT @TECKNET5: #Giveaway Hello March!
ğŸBluetooth earphones
To enter, simply #Follow &amp; #RT &amp; #Tag a friend .
ğŸŒ¸Good luck!ğŸŒ¸
End Day: 08/03/2023â€¦","Giveaway,Follow,RT,Tag","Giveaway,Follow,RT,Tag"
68,"iPhone15Proè²·ã£ãŸã‚‰ã€æ¬¡ã®æ©Ÿç¨®å¤‰ã§è¦ªã¸ãƒ—ãƒ¬ã‚¼ãƒ³ãƒˆã¯æµçŸ³ã«å³ã—ã„ãªã
iPhone12 miniã§ã•ãˆå¼•ãå–ã‚Šã§æ•°ä¸‡å¤‰ã‚ã£ã¦ãã‚‹ã—ã€12ã§æœ€å¾Œã ãªã",,
69,RT @Apple_Geek_Actu: ğŸ”´Les #iPhone15Pro donneraient envie de changer d'iPhone actuel en raison des amÃ©liorations significatives de la puce Aâ€¦,iPhone15Pro,iPhone15Pro
70,RT @Apple_Geek_Actu: ğŸ”´Les #iPhone15Pro donneraient envie de changer d'iPhone actuel en raison des amÃ©liorations significatives de la puce Aâ€¦,iPhone15Pro,iPhone15Pro
71,RT @Apple_Geek_Actu: ğŸ”´Les #iPhone15Pro donneraient envie de changer d'iPhone actuel en raison des amÃ©liorations significatives de la puce Aâ€¦,iPhone15Pro,iPhone15Pro
72,RT @Apple_Geek_Actu: ğŸ”´Les #iPhone15Pro donneraient envie de changer d'iPhone actuel en raison des amÃ©liorations significatives de la puce Aâ€¦,iPhone15Pro,iPhone15Pro
73,RT @Apple_Geek_Actu: ğŸ”´Les #iPhone15Pro donneraient envie de changer d'iPhone actuel en raison des amÃ©liorations significatives de la puce Aâ€¦,iPhone15Pro,iPhone15Pro
74,ğŸ”´Les #iPhone15Pro donneraient envie de changer d'iPhone actuel en raison des amÃ©liorations significatives de la pucâ€¦ https://t.co/hFXJK0Dw4C,iPhone15Pro,iPhone15Pro
75,"RT @TECKNET5: #Giveaway Hello March!
ğŸBluetooth earphones
To enter, simply #Follow &amp; #RT &amp; #Tag a friend .
ğŸŒ¸Good luck!ğŸŒ¸
End Day: 08/03/2023â€¦","Giveaway,Follow,RT,Tag","Giveaway,Follow,RT,Tag"
76,"RT @TECKNET5: #Giveaway Hello March!
ğŸBluetooth earphones
To enter, simply #Follow &amp; #RT &amp; #Tag a friend .
ğŸŒ¸Good luck!ğŸŒ¸
End Day: 08/03/2023â€¦","Giveaway,Follow,RT,Tag","Giveaway,Follow,RT,Tag"
77,"RT @TECKNET5: #Giveaway Hello March!
ğŸBluetooth earphones
To enter, simply #Follow &amp; #RT &amp; #Tag a friend .
ğŸŒ¸Good luck!ğŸŒ¸
End Day: 08/03/2023â€¦","Giveaway,Follow,RT,Tag","Giveaway,Follow,RT,Tag"
78,"RT @Techinfoeditor: TSMCâ€™s 3nm process A17 greatly upgraded: suppliers say Appleâ€™s iPhone 15 Pro series will stimulate high demand

#TSMC 3â€¦",TSMC,TSMC
79,"RT @TECKNET5: #Giveaway Hello March!
ğŸBluetooth earphones
To enter, simply #Follow &amp; #RT &amp; #Tag a friend .
ğŸŒ¸Good luck!ğŸŒ¸
End Day: 08/03/2023â€¦","Giveaway,Follow,RT,Tag","Giveaway,Follow,RT,Tag"
80,TSMCâ€™s 3nm process A17 greatly upgraded: suppliers say Appleâ€™s iPhone 15 Pro series will stimulate high demandâ€¦ https://t.co/c5ZfKVjT0y,,
81,"RT @TECKNET5: #Giveaway Hello March!
ğŸBluetooth earphones
To enter, simply #Follow &amp; #RT &amp; #Tag a friend .
ğŸŒ¸Good luck!ğŸŒ¸
End Day: 08/03/2023â€¦","Giveaway,Follow,RT,Tag","Giveaway,Follow,RT,Tag"
82,"RT @TECKNET5: #Giveaway Hello March!
ğŸBluetooth earphones
To enter, simply #Follow &amp; #RT &amp; #Tag a friend .
ğŸŒ¸Good luck!ğŸŒ¸
End Day: 08/03/2023â€¦","Giveaway,Follow,RT,Tag","Giveaway,Follow,RT,Tag"
83,"RT @WD9dr: #Amazonæ–°ç”Ÿæ´»ã‚»ãƒ¼ãƒ«2023
ğŸ‰ç‰¹é¸ã‚¿ã‚¤ãƒ ã‚»ãƒ¼ãƒ«ğŸ‰

Apple iPhone 13 Pro Max (128GB) - ã‚·ã‚¨ãƒ©ãƒ–ãƒ«ãƒ¼ SIMãƒ•ãƒªãƒ¼ 5Gå¯¾å¿œ
https://t.co/7XCKuU4Nwc

 #pr
 #iPhone13ProMaâ€¦","Amazonæ–°ç”Ÿæ´»ã‚»ãƒ¼ãƒ«2023,pr,iPhone13ProMa","Amazonæ–°ç”Ÿæ´»ã‚»ãƒ¼ãƒ«2023,pr,iPhone13ProMa"
84,"ç§ã®å¤§ã—ãŸã“ã¨ãªã„å†™çœŸã ã‘ã©ã€æœ€æ–°ã®æ©Ÿæå…¥ã‚Œãªã„ã¨ã‚„ã£ã±ã‚Šæ ¼å¥½ä»˜ã‹ãªã„ãªã©ã¨æ€ã£ã¦ãŸã‚Šã™ã‚‹ã€‚

ã‚ˆã—ã€iPhone15Proã‚’è²·ãŠã†ã€‚",,
85,"RT @TECKNET5: #Giveaway Hello March!
ğŸBluetooth earphones
To enter, simply #Follow &amp; #RT &amp; #Tag a friend .
ğŸŒ¸Good luck!ğŸŒ¸
End Day: 08/03/2023â€¦","Giveaway,Follow,RT,Tag","Giveaway,Follow,RT,Tag"
86,"Des twittos ont de vrais problemes 
#iphone15pro https://t.co/uBnhMqH3bM",iphone15pro,iphone15pro
87,"RT @TECKNET5: #Giveaway Hello March!
ğŸBluetooth earphones
To enter, simply #Follow &amp; #RT &amp; #Tag a friend .
ğŸŒ¸Good luck!ğŸŒ¸
End Day: 08/03/2023â€¦","Giveaway,Follow,RT,Tag","Giveaway,Follow,RT,Tag"
88,"Dijual
iPhone 11 128GB Purple
Area jogja yak...

#iPhone #iphone15pro #iphone11 #Yogyakarta #jogja #jogjajualbeliâ€¦ https://t.co/5eJMJIoAOg","iPhone,iphone15pro,iphone11,Yogyakarta,jogja,jogjajualbeli","iPhone,iphone15pro,iphone11,Yogyakarta,jogja,jogjajualbeli"
89,"RT @TECKNET5: #Giveaway Hello March!
ğŸBluetooth earphones
To enter, simply #Follow &amp; #RT &amp; #Tag a friend .
ğŸŒ¸Good luck!ğŸŒ¸
End Day: 08/03/2023â€¦","Giveaway,Follow,RT,Tag","Giveaway,Follow,RT,Tag"
90,iPhone 15 may feature a USB Type-C port; Find details #Apple #iPhone15 #iPhone15Pro #USBType-Cport https://t.co/oXnVqXerUI,"Apple,iPhone15,iPhone15Pro,USBType","Apple,iPhone15,iPhone15Pro,USBType"
91,"Yarr thiss is damn awesome ğŸ¤.
#iPhone15Pro #iPhone #Iphone15 https://t.co/ACp3AyL3m2","iPhone15Pro,iPhone,Iphone15","iPhone15Pro,iPhone,Iphone15"
92,"RT @TECKNET5: #Giveaway Hello March!
ğŸBluetooth earphones
To enter, simply #Follow &amp; #RT &amp; #Tag a friend .
ğŸŒ¸Good luck!ğŸŒ¸
End Day: 08/03/2023â€¦","Giveaway,Follow,RT,Tag","Giveaway,Follow,RT,Tag"
93,"RT @TECKNET5: #Giveaway Hello March!
ğŸBluetooth earphones
To enter, simply #Follow &amp; #RT &amp; #Tag a friend .
ğŸŒ¸Good luck!ğŸŒ¸
End Day: 08/03/2023â€¦","Giveaway,Follow,RT,Tag","Giveaway,Follow,RT,Tag"
94,"RT @TECKNET5: #Giveaway Hello March!
ğŸBluetooth earphones
To enter, simply #Follow &amp; #RT &amp; #Tag a friend .
ğŸŒ¸Good luck!ğŸŒ¸
End Day: 08/03/2023â€¦","Giveaway,Follow,RT,Tag","Giveaway,Follow,RT,Tag"
95,"RT @TECKNET5: #Giveaway Hello March!
ğŸBluetooth earphones
To enter, simply #Follow &amp; #RT &amp; #Tag a friend .
ğŸŒ¸Good luck!ğŸŒ¸
End Day: 08/03/2023â€¦","Giveaway,Follow,RT,Tag","Giveaway,Follow,RT,Tag"
96,"RT @TECKNET5: #Giveaway Hello March!
ğŸBluetooth earphones
To enter, simply #Follow &amp; #RT &amp; #Tag a friend .
ğŸŒ¸Good luck!ğŸŒ¸
End Day: 08/03/2023â€¦","Giveaway,Follow,RT,Tag","Giveaway,Follow,RT,Tag"
97,"RT @TECKNET5: #Giveaway Hello March!
ğŸBluetooth earphones
To enter, simply #Follow &amp; #RT &amp; #Tag a friend .
ğŸŒ¸Good luck!ğŸŒ¸
End Day: 08/03/2023â€¦","Giveaway,Follow,RT,Tag","Giveaway,Follow,RT,Tag"
98,"RT @TECKNET5: #Giveaway Hello March!
ğŸBluetooth earphones
To enter, simply #Follow &amp; #RT &amp; #Tag a friend .
ğŸŒ¸Good luck!ğŸŒ¸
End Day: 08/03/2023â€¦","Giveaway,Follow,RT,Tag","Giveaway,Follow,RT,Tag"
99,"iPhone15/15 Proã‚·ãƒªãƒ¼ã‚ºã¯ã“ã†ãªã‚‹ï¼ï¼Ÿæœ€æ–°ã®å™‚ã¾ã¨ã‚ã€3/2æ›´æ–°ã€‘ https://t.co/i6oxbrGCC7 
è¨˜äº‹æ›´æ–°â–¶ #iPhone15Pro #iPhone15ProMax ã®ãƒ‡ãƒ¼ã‚¿è»¢é€é€Ÿåº¦ã¯æœ€å¤§10Gâ€¦ https://t.co/NGkMuTyusI","iPhone15Pro,iPhone15ProMax","iPhone15Pro,iPhone15ProMax"
